{
    "dims": 0.34715558416348985,
    "nr_layers": 0.17761738142534927,
    "epochs": 0.16010407071271635,
    "batch_size": 0.10807943353586492,
    "random_dim": 0.08113888849125644,
    "num_channels": 0.06745697503130149,
    "l2scale": 0.058447666640021434
}
